<?xml version="1.0" encoding="UTF-8" standalone="yes"?>
<addon id="repository.spain" name="Spain VOD Repository" version="1.0.0" provider-name="Paco8">
	<extension point="xbmc.addon.repository" name="Spain VOD Repository">
	<dir>
		<info compressed="false">https://raw.githubusercontent.com/Paco8/kodi-repo/master/mini-repo/addons.xml</info>
		<checksum>https://raw.githubusercontent.com/Paco8/kodi-repo/master/mini-repo/addons.xml.md5</checksum>
		<datadir zip="true">https://raw.githubusercontent.com/Paco8/kodi-repo/master/mini-repo</datadir>
	</dir>
	</extension>
	<extension point="xbmc.addon.metadata">
		<summary>Spain VOD Repository</summary>
		<description></description>
		<disclaimer></disclaimer>
		<platform>all</platform>
	</extension>
</addon>
