<?xml version="1.0" encoding="UTF-8" standalone="yes"?>
<addon id="repository.paco8" name="Paco8 Repository" version="1.1.0" provider-name="Paco8">
	<extension point="xbmc.addon.repository" name="Paco8 Repository">
		<info compressed="false">https://raw.githubusercontent.com/Paco8/kodi-repo/master/packages-kodi-19/addons.xml</info>
		<checksum>https://raw.githubusercontent.com/Paco8/kodi-repo/master/packages-kodi-19/addons.xml.md5</checksum>
		<datadir zip="true">https://raw.githubusercontent.com/Paco8/kodi-repo/master/packages-kodi-19</datadir>
	</extension>
	<extension point="xbmc.addon.metadata">
		<summary>Test Repo</summary>
		<description></description>
		<disclaimer></disclaimer>
		<platform>all</platform>
	</extension>
</addon>
