<?xml version="1.0" encoding="UTF-8" standalone="yes"?>
<addon id="script.module.slyguy" name="SlyGuy Common" provider-name="SlyGuy" version="0.46.3~mod">
  <requires>
    <import addon="xbmc.python" version="3.0.0"/>
    <import addon="slyguy.dependencies"/>
    <import addon="script.module.ttml2ssa" version="0.2.5" />
  </requires>
  <extension point="xbmc.service" library="service.py" start="login" />
  <extension point="xbmc.python.pluginsource" library="default.py" />
  <extension point="xbmc.python.module" library="resources/modules" />
  <extension point="xbmc.addon.metadata">
    <description lang="en">Common code required by all Slyguy add-ons</description>
    <reuselanguageinvoker>true</reuselanguageinvoker>
    <license></license>
    <language></language>
    <website></website>
    <news>updated German translation. thanks @TheOppermann</news>
    <assets>
      <icon>icon.png</icon>
      <fanart>fanart.jpg</fanart>
    </assets>
  </extension>
</addon>
