<?xml version="1.0" encoding="UTF-8" standalone="yes"?>
<addon id="plugin.video.netflix" name="Netflix" version="1.12.15~mod1" provider-name="libdev + jojo + asciidisco + caphm + castagnait">
  <requires>
    <import addon="xbmc.python" version="2.26.0"/>
    <import addon="script.module.addon.signals" version="0.0.3"/>
    <import addon="script.module.future" version="0.17.1"/>
    <import addon="script.module.inputstreamhelper" version="0.3.3"/>
    <import addon="script.module.pycryptodome" version="3.4.3"/>
    <import addon="script.module.requests" version="2.12.4"/>
    <import addon="script.module.ttml2ssa" version="0.1.16" />
  </requires>
  <extension point="xbmc.python.pluginsource" library="addon.py">
    <provides>video</provides>
  </extension>
  <extension point="xbmc.service" library="service.py"/>
  <extension point="xbmc.python.module" library="packages/mysql-connector-python"/>
  <extension point="xbmc.addon.metadata">
    <reuselanguageinvoker>true</reuselanguageinvoker>
    <summary lang="cs_CZ">Netflix</summary>
    <description lang="cs_CZ">Plugin pro sledování filmů, seriálů online z Netflixu</description>
    <disclaimer lang="cs_CZ">Použití tohoto doplňku nemusí být ve vaší zemi pobytu legální - před instalací dbejte na vaše zákony.</disclaimer>
    <summary lang="de_DE">Netflix</summary>
    <description lang="de_DE">Addon für Netflix VOD-Dienste</description>
    <disclaimer lang="de_DE">Möglicherweise ist die Verwendung dieses Addons in Ihrem Land illegal, Sie sollten dies unbedingt vor der Installation überprüfen.</disclaimer>
    <summary lang="en_GB">Netflix</summary>
    <description lang="en_GB">Netflix VOD Services Add-on</description>
    <disclaimer lang="en_GB">The use of this add-on may not be legal in your country of residence - please check with your local laws before installing.</disclaimer>
    <summary lang="el_GR">Νέτφλιξ</summary>
    <description lang="el_GR">Πρόσθετο υπηρεσιών κατά παραγγελία του Νέτφλιξ</description>
    <disclaimer lang="el_GR">Η χρήση αυτού του προσθέτου μπορεί να μην είναι νόμιμη στην χώρα που κατοικείτε - παρακαλώ ελέγξτε τους τοπικούς νόμους πριν την εγκατάσταση.</disclaimer>
    <summary lang="nl_NL">Netflix</summary>
    <description lang="nl_NL">Bekijk Netflix films en tvprogramma's in Kodi.</description>
    <disclaimer lang="nl_NL">Sommige delen van deze add-on zijn mogelijk onwettig in jouw land - raadpleeg de lokale wetgeving alvorens deze add-on te installeren.</disclaimer>
    <summary lang="ja_JP">Netflix</summary>
    <description lang="ja_JP">Netflix VOD サービスアドオン</description>
    <disclaimer lang="ja_JP">一部の国では、このアドオンを使用するのが不法でありますので、設置する前に必ず関連法律を確認してください</disclaimer>
    <summary lang="ko_KR">Netflix</summary>
    <description lang="ko_KR">Netflix VOD 서비스애드온</description>
    <disclaimer lang="ko_KR">일부 국가에서는 이 애드온을 사용하는 것이 불법일 수도 있으니, 설치하기전 관련 법을 확인하기 바랍니다.</disclaimer>
    <description lang="it_IT">Netflix Add-on servizi VOD</description>
    <disclaimer lang="it_IT">L'utilizzo di questo add-on potrebbe non essere legale nel vostro paese di residenza - si prega di verificare le leggi in vigore prima dell'installazione.</disclaimer>
    <summary lang="es_ES">Netflix</summary>
    <description lang="es_ES">Complemento para los Servicios VOD de Netflix</description>
    <disclaimer lang="es_ES">El uso de este complemento puede no ser legal en su país de residencia - Por favor, consulte las leyes locales antes de instalarlo.</disclaimer>
    <summary lang="hu_HU">Netflix</summary>
    <description lang="hu_HU">Netflix VOD kiegészítő a Kodihoz</description>
    <disclaimer lang="hu_HU">Előfordulhat, hogy a kiegészítő használata nem törvényes az Ön országában - telepítés előtt tájékozódjon a helyi törvényekről</disclaimer>
    <summary lang="pt_BR">Netflix</summary>
    <description lang="pt_BR">Add-on para os serviços VOD do Netflix</description>
    <disclaimer lang="pt_BR">O uso deste addon pode não ser legal no seu país de residência - por favor, verifique as suas leis locais antes de instalar.</disclaimer>
    <summary lang="tr_TR">Netflix</summary>
    <description lang="tr_TR">Netflix VOD Hizmetleri Eklentisi</description>
    <disclaimer lang="tr_TR">Bu eklentinin bazı bölümleri ikamet ettiğiniz ülkede yasal olmayabilir - lütfen yüklemeden önce yerel yasalarınıza bakın.</disclaimer>
    <summary lang="ro_RO">Netflix</summary>
    <description lang="ro_RO">Add-on pentru servicii video la cerere Netflix</description>
    <disclaimer lang="ro_RO">Utilizarea acestui add-on ar putea fi ilegală în țara în care locuiți - vă rugăm să verificați legile locale înainte de instalare.</disclaimer>
    <summary lang="sv_SE">Netflix</summary>
    <description lang="sv_SE">Netflix VOD Service-tillägg</description>
    <disclaimer lang="sv_SE">Användandet av detta tillägg kanske inte är lagligt i ditt hemland - kontrollera med dina lokala lagar innan du installerar.</disclaimer>
    <summary lang="zh_CN">Netflix</summary>
    <description lang="zh_CN">Netflix VOD服务附加组件</description>
    <disclaimer lang="zh_CN">此附加组件在您的居住国可能不合法-请在安装前与您当地的法律核对。</disclaimer>
    <summary lang="fr_FR">Netflix</summary>
    <description lang="fr_FR">Extension Netflix SVoD</description>
    <disclaimer lang="fr_FR">L'utilisation de cette extension n'est peut-être pas légale dans votre pays de résidence - renseignez-vous avant de l'installer</disclaimer>
    <summary lang="pl_PL">Netflix</summary>
    <description lang="pl_PL">Wtyczka dla usług VOD serwisu Netflix</description>
    <disclaimer lang="pl_PL">Korzystanie z tego dodatku może być niezgodne z prawem w twoim kraju zamieszkania - przed zainstalowaniem zapoznaj się z lokalnymi przepisami.</disclaimer>
    <summary lang="he_IL">Netflix</summary>
    <description lang="he_IL">תוסף VOD לשירות של Netflix</description>
    <disclaimer lang="he_IL">השימוש בתוסף זה עלול להיות לא חוקי במדינת מגוריך - אנא בדוק את החוק ברשות המקומית לפני ההתקנה</disclaimer>
	<assets>
      <icon>resources/media/icon.png</icon>
      <fanart>resources/media/fanart.jpg</fanart>
      <screenshot>resources/media/screenshot-01.jpg</screenshot>
      <screenshot>resources/media/screenshot-02.jpg</screenshot>
      <screenshot>resources/media/screenshot-03.jpg</screenshot>
      <screenshot>resources/media/screenshot-04.jpg</screenshot>
      <screenshot>resources/media/screenshot-05.jpg</screenshot>
    </assets>
    <language>en cs de es fr he hr hu it ja ko nl pl pt ro sv tr zh</language>
    <platform>all</platform>
    <license>MIT</license>
    <website>https://www.netflix.com</website>
    <email></email>
    <forum>https://forum.kodi.tv/showthread.php?tid=329767</forum>
    <source>https://github.com/CastagnaIT/plugin.video.netflix</source>
    <news>v1.12.15 (2022-12-17)
- IMPORTANT NOTICE: New changes to website is causing video quality to drop to 540p after about 20h,
this add-on update implements a workaround to fix this problem by changing ESNs every 20h.
The workaround works only when "Manual ESN" is not set, so if needed remove the previously Manual ESN set.
You can find the new setting under add-on Expert settings.
If necessary, you can manually generate new ESN's by selecting "Reset ESN" setting, or you can also disable the 540p workaround.
- IMPORTANT NOTICE FOR ANDROID: Do NOT USE the ESN of the original app with the add-on, or will cause video quality drop
to 540p also on the original android app for an unknown period of time. This problem cannot be solved by the add-on,
there are no know solutions yet, so you can only report the 540p problem to customer service.
    </news>
  </extension>
</addon>
