<addon id="plugin.video.hbogoeu" name="hGO EU" provider-name="arvvoid" version="2.6.3~mod7">
  <requires>
    <import addon="xbmc.python" version="3.0.0" />
    <import addon="script.module.kodi-six" version="0.1.0" />
    <import addon="script.module.requests" version="2.12.4" />
    <import addon="script.module.pyaes" version="1.6.1" />
    <import addon="script.module.defusedxml" version="0.6.0" />
    <import addon="script.module.dateutil" version="2.8.1" />
    <import addon="script.module.inputstreamhelper" version="0.5.2" />
    <import addon="script.module.ttml2ssa" version="0.1.2" />
  </requires>
  <extension library="main.py" point="xbmc.python.pluginsource">
    <provides>video</provides>
  </extension>
  <extension point="xbmc.addon.metadata">
    <summary lang="en_GB">Watch HBO® GO EU+Nordic content in Kodi. Valid HBO® account required.</summary>
    <description lang="en_GB">
Simple, Kodi add-on to access HBO® Go EU content. (This add-on is not officially commissioned/supported by HBO®.)

Important, HBO® Go must be paid for!!!  You need a valid account!
Register on the official HBO® Go website for your region.

Read the disclaimer!

Curently support: Bosnia and Herzegovina, Bulgaria, Croatia, Czech Republic, Hungary, Macedonia, Montenegro, Polonia, Portugal, Romania, Serbia, Slovakia, Slovenija, Spain, Norway, Denmark, Sweden, Finland

To report bugs or request assistence with the add-on go to: https://github.com/arvvoid/plugin.video.hbogoeu
    </description>
    <disclaimer lang="en_GB">
This add-on is not officially commissioned/supported by HBO®. The trademark HBO® Go is registered by Home Box Office, Inc. 
For more information on HBO® Go visit the official HBO® Go website for your region.
I do not own any of the content this add-on lists. The content belongs to Home Box Office, Inc. 
All this add-on does is make simple HTTP requests to Hbo go servers to retrieve and display content just like any web browser would do!

Important: HBO® Go must be paid for!!! You need a valid HBO® Go account for the add-on to work! Register on the official HBO® Go website for your region

THERE IS NO WARRANTY FOR THE ADD-ON, IT MIGHT NOT WORK AT ALL AND IT CAN BREAK AND STOP WORKING AT ANY TIME.

If an official app is available for your platform, use it instead of this.
    </disclaimer>
    <language>en bs bg hr cs hu mk pl pt ro sr sk sl es nb da sv fi cnr</language>
    <platform>all</platform>
    <license>GPL-2.0-or-later</license>
    <forum>https://forum.kodi.tv/showthread.php?tid=339798</forum>
    <source>https://github.com/arvvoid/plugin.video.hbogoeu</source>
    <website>https://arvvoid.github.io/plugin.video.hbogoeu</website>
    <news>
- Subtitle cache autocleaning and manual subtitle cache cleaning
- Translations updates
- Optimize plot (show only "abstract" or "description")
- Move from deprecated xbmc.translatePath to new xbmcvfs.translatePath for Kodi 19+
    </news>
    <assets>
     <icon>resources/icon.png</icon>
     <fanart>resources/fanart.jpg</fanart>
     <screenshot>resources/screen1.jpg</screenshot>
     <screenshot>resources/screen2.jpg</screenshot>
     <screenshot>resources/screen3.jpg</screenshot>
    </assets>
  </extension>
</addon>
