<?xml version="1.0" encoding="UTF-8" standalone="yes"?>
<addon	id="script.module.ttml2ssa"
		name="Ttml2Ssa"
		version="0.1.2"
		provider-name="Paco8">
	<requires>
		<import addon="xbmc.python" version="2.25.0"/>
		<import addon="script.module.defusedxml" version="0.6.0" />
	</requires>
	<extension
		point="xbmc.python.module" library="resources/lib" />
	<extension point="xbmc.addon.metadata">
		<summary lang="en_GB">Ttml2Ssa</summary>
		<description lang="en_GB">Ttml2Ssa</description>
		<platform>all</platform>
		<license></license>
		<website></website>
		<source></source>
		<assets>
			<icon>icon.png</icon>
		</assets>
	</extension>
</addon>
