<?xml version="1.0" encoding="UTF-8" standalone="yes"?>
<addon id="plugin.video.skyott"
       name="SkyOtt"
       version="0.7.2"
       provider-name="Paco8">
  <requires>
  <!--- <import addon="xbmc.python" version="2.25.0"/> -->
  <import addon="script.module.requests"/>
  <import addon="script.module.inputstreamhelper" version="0.5.2" />
  <import addon="script.module.dateutil"/>
  <import addon="script.module.ttml2ssa" version="0.1.16" />
  </requires>
  <extension point="xbmc.python.pluginsource" library="default.py">
  <provides>video</provides>
  </extension>
  <extension point="xbmc.service" library="service.py" />

  <extension point="xbmc.addon.metadata">
    <summary lang="en_GB">SkyShowtime / PeacockTV</summary>
    <description lang="en_GB">Watch SkyShowtime or Peacock TV in Kodi. Requires a subscription.</description>
    <description lang="es_ES">Vea SkyShowtime o Peacock TV en Kodi. Se necesita estar abonado.</description>
    <description lang="pl_PL">Oglądaj Peacock TV i SkyShowtime w Kodi. Wymaga subskrypcji.</description>
    <disclaimer lang="en_GB">This addon is not officially authorized or supported by SkyShowtime nor Peacock TV. Any product names, logos, and trademarks mentioned in this project are the property of their respective owners.</disclaimer>
    <disclaimer lang="es_ES">Este addon no está oficialmente autorizado ni respaldado por SkyShowtime ni Peacock TV. Cualquier nombre de producto, logotipo y marca comercial mencionados en este proyecto son propiedad de sus respectivos propietarios.</disclaimer>
    <disclaimer lang="pl_PL">Ten dodatek nie jest oficjalnie autoryzowany ani wspierany przez Peacock TV lub SkyShowtime. Wszelkie nazwy produktów, loga i znaki handlowe wymienione w tym projekcie należą ich właścicieli.</disclaimer>
    <platform>all</platform>
    <license>LGPL-2.1-or-later</license>
    <website></website>
    <source></source>
    <assets>
      <icon>icon.png</icon>
      <fanart>resources/fanart.jpg</fanart>
      <screenshot>resources/screen1.jpg</screenshot>
      <screenshot>resources/screen2.jpg</screenshot>
      <screenshot>resources/screen3.jpg</screenshot>
    </assets>
  </extension>
</addon>
