<?xml version="1.0" encoding="UTF-8" standalone="yes"?>
<addon id="script.module.slyguy" name="SlyGuy Shared" provider-name="SlyGuy" version="0.19.1~mod7">
  <requires>
    <import addon="xbmc.python" version="3.0.0"/>
    <!-- <import addon="repository.slyguy"/> -->
    <import addon="script.module.ttml2ssa" version="0.2.5" />
  </requires>
  <!-- <extension point="xbmc.python.script" library="default.py">
    <provides>executable</provides>
  </extension> -->
  <extension point="xbmc.python.module" library="resources/modules" />
  <extension point="xbmc.service" library="service.py" start="login" />
  <extension point="xbmc.addon.metadata">
    <description lang="en"></description>
    <reuselanguageinvoker>true</reuselanguageinvoker>
    <license></license>
    <language></language>
    <website></website>
    <news></news>
    <assets>
      <icon>icon.png</icon>
      <fanart>fanart.jpg</fanart>
    </assets>
  </extension>
</addon>