<?xml version="1.0" encoding="UTF-8" standalone="yes"?>
<addon id="slyguy.disney.plus" name="Disney+" provider-name="Slyguy" version="0.10.6~mod1">
  <requires>
    <import addon="script.module.slyguy"/>
    <import addon="script.module.ttml2ssa" version="0.3.4" />
  </requires>
  <extension point="xbmc.python.pluginsource" library="default.py" provides="video">
    <provides>video</provides>
  </extension>
  <extension point="xbmc.addon.metadata">
    <description lang="en">Disney+ is the exclusive home for your favorite movies and TV shows from Disney, Pixar, Marvel, Star Wars, and National Geographic.

Subscription required.</description>
    <description lang="it">Disney+ è la casa esclusiva per i tuoi film e programmi TV preferiti di Disney, Pixar, Marvel, Star Wars e National Geographic.

Abbonamento richiesto.</description>
    <description lang="fr">Disney+ est la destination exclusive de vos films et séries TV préférés des univers Disney, Pixar, Marvel, Star Wars et National Geographic.

Abonnement requis.</description>
    <reuselanguageinvoker>true</reuselanguageinvoker>
    <license></license>
    <language></language>
    <website></website>
    <news>Support IMAX Enhanced playback versions</news>
    <assets>
      <icon>icon.png</icon>
      <fanart>fanart.jpg</fanart>
    </assets>
  </extension>
</addon>
