<?xml version="1.0" encoding="UTF-8" standalone="yes"?>
<addon	id="script.module.ttml2ssa"
		name="Ttml2Ssa"
		version="0.2.6"
		provider-name="Paco8">
	<requires>
		<import addon="xbmc.python" version="3.0.0"/>
		<import addon="script.module.defusedxml" version="0.6.0" />
	</requires>
	<extension point="xbmc.python.script" library="default.py">
		<provides>executable</provides>
	</extension>
	<extension
		point="xbmc.python.module" library="resources/lib" />
	<extension point="xbmc.addon.metadata">
		<summary lang="en_GB">Ttml2Ssa Library.</summary>
		<description lang="en_GB">Ttml2Ssa is a library that allows other addons to convert TTML/XML/DFXP/VTT/SRT subtitles to SRT and SSA/ASS formats.</description>
		<platform>all</platform>
		<license>The Unlicense</license>
		<website>https://github.com/Paco8/ttml2ssa</website>
		<source>https://github.com/Paco8/ttml2ssa</source>
		<assets>
			<icon>icon.png</icon>
		</assets>
	</extension>
</addon>
